uid;name;surname;gsm;mernis;taxnr;city;district;zipcode;pid;op_code;OP2;desc;amount;total_amount;commission_amount;day
2eedf6f1-b0b8-4293-b896-179ddcf8c1d1;Ali;Test;05433507828;10000000001;;İstanbul;Ataşehir;34758;2eedf6f1-b0b8-4293-b896-179ddcf8c1d2;1001;Transfer;Transfer;10;10;0;21.12.2021
2eedf6f1-b0b8-4293-b896-179ddcf8c1d2;Ali;Test;05433507828;10000000002;;İstanbul;Ataşehir;34758;2eedf6f1-b0b8-4293-b896-179ddcf8c1d3;1001;Transfer;Transfer;10;10;0;21.12.2021
2eedf6f1-b0b8-4293-b896-179ddcf8c1d3;Ali;Test;05433507828;10000000003;;İstanbul;Ataşehir;34758;2eedf6f1-b0b8-4293-b896-179ddcf8c1d4;1001;Transfer;Transfer;10;10;0;21.12.2021
2eedf6f1-b0b8-4293-b896-179ddcf8c1d4;Ali;Test;05433507828;10000000004;;İstanbul;Ataşehir;34758;2eedf6f1-b0b8-4293-b896-179ddcf8c1d5;1001;Transfer;Transfer;10;10;0;21.12.2021
2eedf6f1-b0b8-4293-b896-179ddcf8c1d5;Ali;Test;05433507828;10000000005;;İstanbul;Ataşehir;34758;2eedf6f1-b0b8-4293-b896-179ddcf8c1d6;1001;Transfer;Transfer;10;10;0;21.12.2021
2eedf6f1-b0b8-4293-b896-179ddcf8c1d6;Ali;Test;05433507828;10000000006;;İstanbul;Ataşehir;34758;2eedf6f1-b0b8-4293-b896-179ddcf8c1d7;1001;Transfer;Transfer;10;10;0;21.12.2021
2eedf6f1-b0b8-4293-b896-179ddcf8c1d7;Ali;Test;05433507828;10000000007;;İstanbul;Ataşehir;34758;2eedf6f1-b0b8-4293-b896-179ddcf8c1d8;1001;Transfer;Transfer;10;10;0;21.12.2021
2eedf6f1-b0b8-4293-b896-179ddcf8c1d8;Ali;Test;05433507828;10000000008;;İstanbul;Ataşehir;34758;2eedf6f1-b0b8-4293-b896-179ddcf8c1d9;1001;Transfer;Transfer;10;10;0;21.12.2021
2eedf6f1-b0b8-4293-b896-179ddcf8c1d9;Ali;Test;05433507828;10000000009;;İstanbul;Ataşehir;34758;2eedf6f1-b0b8-4293-b896-179ddcf8c1d10;1001;Transfer;Transfer;10;10;0;21.12.2021
2eedf6f1-b0b8-4293-b896-179ddcf8c1d10;Ali;Test;05433507828;10000000010;;İstanbul;Ataşehir;34758;2eedf6f1-b0b8-4293-b896-179ddcf8c1d11;1001;Transfer;Transfer;10;10;0;21.12.2021
2eedf6f1-b0b8-4293-b896-179ddcf8c1d11;Ali;Test;05433507828;10000000011;;İstanbul;Ataşehir;34758;2eedf6f1-b0b8-4293-b896-179ddcf8c1d12;1001;Transfer;Transfer;10;10;0;21.12.2021
2eedf6f1-b0b8-4293-b896-179ddcf8c1d12;Ali;Test;05433507828;10000000012;;İstanbul;Ataşehir;34758;2eedf6f1-b0b8-4293-b896-179ddcf8c1d13;1001;Transfer;Transfer;10;10;0;21.12.2021
2eedf6f1-b0b8-4293-b896-179ddcf8c1d13;Ali;Test;05433507828;10000000013;;İstanbul;Ataşehir;34758;2eedf6f1-b0b8-4293-b896-179ddcf8c1d14;1001;Transfer;Transfer;10;10;0;21.12.2021
2eedf6f1-b0b8-4293-b896-179ddcf8c1d14;Ali;Test;05433507828;10000000014;;İstanbul;Ataşehir;34758;2eedf6f1-b0b8-4293-b896-179ddcf8c1d15;1010;Harcama;Migros Harcaması;10;10;0;21.12.2021
2eedf6f1-b0b8-4293-b896-179ddcf8c1d15;Ali;Test;05433507828;10000000015;;İstanbul;Ataşehir;34758;2eedf6f1-b0b8-4293-b896-179ddcf8c1d16;1010;Harcama;Migros Harcaması;10;10;0;21.12.2021
2eedf6f1-b0b8-4293-b896-179ddcf8c1d16;Ali;Test;05433507828;10000000016;;İstanbul;Ataşehir;34758;2eedf6f1-b0b8-4293-b896-179ddcf8c1d17;1010;Harcama;Migros Harcaması;10;10;0;21.12.2021
2eedf6f1-b0b8-4293-b896-179ddcf8c1d17;Ali;Test;05433507828;10000000017;;İstanbul;Ataşehir;34758;2eedf6f1-b0b8-4293-b896-179ddcf8c1d18;1010;Harcama;Migros Harcaması;10;10;0;21.12.2021
2eedf6f1-b0b8-4293-b896-179ddcf8c1d18;Ali;Test;05433507828;10000000018;;İstanbul;Ataşehir;34758;2eedf6f1-b0b8-4293-b896-179ddcf8c1d19;1010;Harcama;Migros Harcaması;10;10;0;21.12.2021
2eedf6f1-b0b8-4293-b896-179ddcf8c1d19;Ali;Test;05433507828;10000000019;;İstanbul;Ataşehir;34758;2eedf6f1-b0b8-4293-b896-179ddcf8c1d20;1010;Harcama;Migros Harcaması;10;10;0;21.12.2021
2eedf6f1-b0b8-4293-b896-179ddcf8c1d20;Ali;Test;05433507828;10000000020;;İstanbul;Ataşehir;34758;2eedf6f1-b0b8-4293-b896-179ddcf8c1d21;1010;Harcama;Migros Harcaması;10;10;0;21.12.2021
2eedf6f1-b0b8-4293-b896-179ddcf8c1d21;Ali;Test;05433507828;10000000021;;İstanbul;Ataşehir;34758;2eedf6f1-b0b8-4293-b896-179ddcf8c1d22;1010;Harcama;Migros Harcaması;10;10;0;21.12.2021
2eedf6f1-b0b8-4293-b896-179ddcf8c1d22;Ali;Test;05433507828;10000000022;;İstanbul;Ataşehir;34758;2eedf6f1-b0b8-4293-b896-179ddcf8c1d23;1010;Harcama;Migros Harcaması;10;10;0;21.12.2021
2eedf6f1-b0b8-4293-b896-179ddcf8c1d23;Ali;Test;05433507828;10000000023;;İstanbul;Ataşehir;34758;2eedf6f1-b0b8-4293-b896-179ddcf8c1d24;1010;Harcama;Migros Harcaması;10;10;0;21.12.2021
2eedf6f1-b0b8-4293-b896-179ddcf8c1d24;Ali;Test;05433507828;10000000024;;İstanbul;Ataşehir;34758;2eedf6f1-b0b8-4293-b896-179ddcf8c1d25;1010;Harcama;Migros Harcaması;10;10;0;21.12.2021
2eedf6f1-b0b8-4293-b896-179ddcf8c1d25;Ali;Test;05433507828;10000000025;;İstanbul;Ataşehir;34758;2eedf6f1-b0b8-4293-b896-179ddcf8c1d26;1010;Harcama;Migros Harcaması;10;10;0;21.12.2021
2eedf6f1-b0b8-4293-b896-179ddcf8c1d26;Ali;Test;05433507828;10000000026;;İstanbul;Ataşehir;34758;2eedf6f1-b0b8-4293-b896-179ddcf8c1d27;1010;Harcama;Migros Harcaması;10;10;0;21.12.2021
2eedf6f1-b0b8-4293-b896-179ddcf8c1d27;Ali;Test;05433507828;10000000027;;İstanbul;Ataşehir;34758;2eedf6f1-b0b8-4293-b896-179ddcf8c1d28;1010;Harcama;Migros Harcaması;10;10;0;21.12.2021
2eedf6f1-b0b8-4293-b896-179ddcf8c1d28;Ali;Test;05433507828;10000000028;;İstanbul;Ataşehir;34758;2eedf6f1-b0b8-4293-b896-179ddcf8c1d29;1010;Harcama;Migros Harcaması;10;10;0;21.12.2021
2eedf6f1-b0b8-4293-b896-179ddcf8c1d29;Ali;Test;05433507828;10000000029;;İstanbul;Ataşehir;34758;2eedf6f1-b0b8-4293-b896-179ddcf8c1d30;1010;Harcama;Migros Harcaması;10;10;0;21.12.2021
2eedf6f1-b0b8-4293-b896-179ddcf8c1d30;Ali;Test;05433507828;10000000030;;İstanbul;Ataşehir;34758;2eedf6f1-b0b8-4293-b896-179ddcf8c1d31;1010;Harcama;Migros Harcaması;10;10;0;21.12.2021
2eedf6f1-b0b8-4293-b896-179ddcf8c1d31;Ali;Test;05433507828;10000000031;;İstanbul;Ataşehir;34758;2eedf6f1-b0b8-4293-b896-179ddcf8c1d32;1010;Harcama;Migros Harcaması;10;10;0;21.12.2021
2eedf6f1-b0b8-4293-b896-179ddcf8c1d32;Ali;Test;05433507828;10000000032;;İstanbul;Ataşehir;34758;2eedf6f1-b0b8-4293-b896-179ddcf8c1d33;1010;Harcama;Migros Harcaması;10;10;0;21.12.2021
2eedf6f1-b0b8-4293-b896-179ddcf8c1d33;Ali;Test;05433507828;10000000033;;İstanbul;Ataşehir;34758;2eedf6f1-b0b8-4293-b896-179ddcf8c1d34;1010;Harcama;Migros Harcaması;10;10;0;21.12.2021
2eedf6f1-b0b8-4293-b896-179ddcf8c1d34;Ali;Test;05433507828;10000000034;;İstanbul;Ataşehir;34758;2eedf6f1-b0b8-4293-b896-179ddcf8c1d35;1010;Harcama;Migros Harcaması;10;10;0;21.12.2021
2eedf6f1-b0b8-4293-b896-179ddcf8c1d35;Ali;Test;05433507828;10000000035;;İstanbul;Ataşehir;34758;2eedf6f1-b0b8-4293-b896-179ddcf8c1d36;1010;Harcama;Migros Harcaması;10;10;0;21.12.2021
2eedf6f1-b0b8-4293-b896-179ddcf8c1d36;Ali;Test;05433507828;10000000036;;İstanbul;Ataşehir;34758;2eedf6f1-b0b8-4293-b896-179ddcf8c1d37;1010;Harcama;Migros Harcaması;10;10;0;21.12.2021
2eedf6f1-b0b8-4293-b896-179ddcf8c1d37;Ali;Test;05433507828;10000000037;;İstanbul;Ataşehir;34758;2eedf6f1-b0b8-4293-b896-179ddcf8c1d38;1010;Harcama;Migros Harcaması;10;10;0;21.12.2021
2eedf6f1-b0b8-4293-b896-179ddcf8c1d38;Ali;Test;05433507828;10000000038;;İstanbul;Ataşehir;34758;2eedf6f1-b0b8-4293-b896-179ddcf8c1d39;1010;Harcama;Migros Harcaması;10;10;0;21.12.2021
2eedf6f1-b0b8-4293-b896-179ddcf8c1d39;Ali;Test;05433507828;10000000039;;İstanbul;Ataşehir;34758;2eedf6f1-b0b8-4293-b896-179ddcf8c1d40;1010;Harcama;Migros Harcaması;10;10;0;21.12.2021
2eedf6f1-b0b8-4293-b896-179ddcf8c1d40;Ali;Test;05433507828;10000000040;;İstanbul;Ataşehir;34758;2eedf6f1-b0b8-4293-b896-179ddcf8c1d41;1010;Harcama;Migros Harcaması;10;10;0;21.12.2021
2eedf6f1-b0b8-4293-b896-179ddcf8c1d41;Ali;Test;05433507828;10000000041;;İstanbul;Ataşehir;34758;2eedf6f1-b0b8-4293-b896-179ddcf8c1d42;1010;Harcama;Migros Harcaması;10;10;0;21.12.2021
2eedf6f1-b0b8-4293-b896-179ddcf8c1d42;Ali;Test;05433507828;10000000042;;İstanbul;Ataşehir;34758;2eedf6f1-b0b8-4293-b896-179ddcf8c1d43;1010;Harcama;Migros Harcaması;10;10;0;21.12.2021
2eedf6f1-b0b8-4293-b896-179ddcf8c1d43;Ali;Test;05433507828;10000000043;;İstanbul;Ataşehir;34758;2eedf6f1-b0b8-4293-b896-179ddcf8c1d44;1010;Harcama;Migros Harcaması;10;10;0;21.12.2021
2eedf6f1-b0b8-4293-b896-179ddcf8c1d44;Ali;Test;05433507828;10000000044;;İstanbul;Ataşehir;34758;2eedf6f1-b0b8-4293-b896-179ddcf8c1d45;1010;Harcama;Migros Harcaması;10;10;0;21.12.2021
2eedf6f1-b0b8-4293-b896-179ddcf8c1d45;Ali;Test;05433507828;10000000045;;İstanbul;Ataşehir;34758;2eedf6f1-b0b8-4293-b896-179ddcf8c1d46;1010;Harcama;Migros Harcaması;10;10;0;21.12.2021
2eedf6f1-b0b8-4293-b896-179ddcf8c1d46;Ali;Test;05433507828;10000000046;;İstanbul;Ataşehir;34758;2eedf6f1-b0b8-4293-b896-179ddcf8c1d47;1010;Harcama;Migros Harcaması;10;10;0;21.12.2021
2eedf6f1-b0b8-4293-b896-179ddcf8c1d47;Ali;Test;05433507828;10000000047;;İstanbul;Ataşehir;34758;2eedf6f1-b0b8-4293-b896-179ddcf8c1d48;1033;Transfer;IBAN\a para transferi;10;11;1;21.12.2021
2eedf6f1-b0b8-4293-b896-179ddcf8c1d48;Ali;Test;05433507828;10000000048;;İstanbul;Ataşehir;34758;2eedf6f1-b0b8-4293-b896-179ddcf8c1d49;1033;Transfer;IBAN\a para transferi;10;11;1;21.12.2021
2eedf6f1-b0b8-4293-b896-179ddcf8c1d49;Ali;Test;05433507828;10000000049;;İstanbul;Ataşehir;34758;2eedf6f1-b0b8-4293-b896-179ddcf8c1d50;1033;Transfer;IBAN\a para transferi;10;11;1;21.12.2021
2eedf6f1-b0b8-4293-b896-179ddcf8c1d50;Ali;Test;05433507828;10000000050;;İstanbul;Ataşehir;34758;2eedf6f1-b0b8-4293-b896-179ddcf8c1d51;1033;Transfer;IBAN\a para transferi;10;11;1;21.12.2021
2eedf6f1-b0b8-4293-b896-179ddcf8c1d51;Ali;Test;05433507828;10000000051;;İstanbul;Ataşehir;34758;2eedf6f1-b0b8-4293-b896-179ddcf8c1d52;1033;Transfer;IBAN\a para transferi;10;11;1;21.12.2021
2eedf6f1-b0b8-4293-b896-179ddcf8c1d52;Ali;Test;05433507828;10000000052;;İstanbul;Ataşehir;34758;2eedf6f1-b0b8-4293-b896-179ddcf8c1d53;1033;Transfer;IBAN\a para transferi;10;11;1;21.12.2021
2eedf6f1-b0b8-4293-b896-179ddcf8c1d53;Ali;Test;05433507828;10000000053;;İstanbul;Ataşehir;34758;2eedf6f1-b0b8-4293-b896-179ddcf8c1d54;1033;Transfer;IBAN\a para transferi;10;11;1;21.12.2021
2eedf6f1-b0b8-4293-b896-179ddcf8c1d54;Ali;Test;05433507828;10000000054;;İstanbul;Ataşehir;34758;2eedf6f1-b0b8-4293-b896-179ddcf8c1d55;1033;Transfer;IBAN\a para transferi;10;11;1;21.12.2021
2eedf6f1-b0b8-4293-b896-179ddcf8c1d55;Ali;Test;05433507828;10000000055;;İstanbul;Ataşehir;34758;2eedf6f1-b0b8-4293-b896-179ddcf8c1d56;1033;Transfer;IBAN\a para transferi;10;11;1;21.12.2021
2eedf6f1-b0b8-4293-b896-179ddcf8c1d56;Ali;Test;05433507828;10000000056;;İstanbul;Ataşehir;34758;2eedf6f1-b0b8-4293-b896-179ddcf8c1d57;1040;Harcama;Sanal Market Hazır Limit Kullanımı;10;10;0;21.12.2021
2eedf6f1-b0b8-4293-b896-179ddcf8c1d57;Ali;Test;05433507828;10000000057;;İstanbul;Ataşehir;34758;2eedf6f1-b0b8-4293-b896-179ddcf8c1d58;1040;Harcama;Sanal Market Hazır Limit Kullanımı;10;10;0;21.12.2021
2eedf6f1-b0b8-4293-b896-179ddcf8c1d58;Ali;Test;05433507828;10000000058;;İstanbul;Ataşehir;34758;2eedf6f1-b0b8-4293-b896-179ddcf8c1d59;1040;Harcama;Sanal Market Hazır Limit Kullanımı;10;10;0;21.12.2021
2eedf6f1-b0b8-4293-b896-179ddcf8c1d59;Ali;Test;05433507828;10000000059;;İstanbul;Ataşehir;34758;2eedf6f1-b0b8-4293-b896-179ddcf8c1d60;1040;Harcama;Sanal Market Hazır Limit Kullanımı;10;10;0;21.12.2021
2eedf6f1-b0b8-4293-b896-179ddcf8c1d60;Ali;Test;05433507828;10000000060;;İstanbul;Ataşehir;34758;2eedf6f1-b0b8-4293-b896-179ddcf8c1d61;1040;Harcama;Sanal Market Hazır Limit Kullanımı;10;10;0;21.12.2021
2eedf6f1-b0b8-4293-b896-179ddcf8c1d61;Ali;Test;05433507828;10000000061;;İstanbul;Ataşehir;34758;2eedf6f1-b0b8-4293-b896-179ddcf8c1d62;1040;Harcama;Sanal Market Hazır Limit Kullanımı;10;10;0;21.12.2021
2eedf6f1-b0b8-4293-b896-179ddcf8c1d62;Ali;Test;05433507828;10000000062;;İstanbul;Ataşehir;34758;2eedf6f1-b0b8-4293-b896-179ddcf8c1d63;1040;Harcama;Sanal Market Hazır Limit Kullanımı;10;10;0;21.12.2021
2eedf6f1-b0b8-4293-b896-179ddcf8c1d63;Ali;Test;05433507828;10000000063;;İstanbul;Ataşehir;34758;2eedf6f1-b0b8-4293-b896-179ddcf8c1d64;1040;Harcama;Sanal Market Hazır Limit Kullanımı;10;10;0;21.12.2021
2eedf6f1-b0b8-4293-b896-179ddcf8c1d64;Ali;Test;05433507828;10000000064;;İstanbul;Ataşehir;34758;2eedf6f1-b0b8-4293-b896-179ddcf8c1d65;1040;Harcama;Sanal Market Hazır Limit Kullanımı;10;10;0;21.12.2021
2eedf6f1-b0b8-4293-b896-179ddcf8c1d65;Ali;Test;05433507828;10000000065;;İstanbul;Ataşehir;34758;2eedf6f1-b0b8-4293-b896-179ddcf8c1d66;1040;Harcama;Sanal Market Hazır Limit Kullanımı;10;10;0;21.12.2021
2eedf6f1-b0b8-4293-b896-179ddcf8c1d66;Ali;Test;05433507828;10000000066;;İstanbul;Ataşehir;34758;2eedf6f1-b0b8-4293-b896-179ddcf8c1d67;1041;Harcama;Sanal Market Harcaması;10;10;0;21.12.2021
2eedf6f1-b0b8-4293-b896-179ddcf8c1d67;Ali;Test;05433507828;10000000067;;İstanbul;Ataşehir;34758;2eedf6f1-b0b8-4293-b896-179ddcf8c1d68;1041;Harcama;Sanal Market Harcaması;10;10;0;21.12.2021
2eedf6f1-b0b8-4293-b896-179ddcf8c1d68;Ali;Test;05433507828;10000000068;;İstanbul;Ataşehir;34758;2eedf6f1-b0b8-4293-b896-179ddcf8c1d69;1041;Harcama;Sanal Market Harcaması;10;10;0;21.12.2021
2eedf6f1-b0b8-4293-b896-179ddcf8c1d69;Ali;Test;05433507828;10000000069;;İstanbul;Ataşehir;34758;2eedf6f1-b0b8-4293-b896-179ddcf8c1d70;1041;Harcama;Sanal Market Harcaması;10;10;0;21.12.2021
2eedf6f1-b0b8-4293-b896-179ddcf8c1d70;Ali;Test;05433507828;10000000070;;İstanbul;Ataşehir;34758;2eedf6f1-b0b8-4293-b896-179ddcf8c1d71;1041;Harcama;Sanal Market Harcaması;10;10;0;21.12.2021
2eedf6f1-b0b8-4293-b896-179ddcf8c1d71;Ali;Test;05433507828;10000000071;;İstanbul;Ataşehir;34758;2eedf6f1-b0b8-4293-b896-179ddcf8c1d72;1041;Harcama;Sanal Market Harcaması;10;10;0;21.12.2021
2eedf6f1-b0b8-4293-b896-179ddcf8c1d72;Ali;Test;05433507828;10000000072;;İstanbul;Ataşehir;34758;2eedf6f1-b0b8-4293-b896-179ddcf8c1d73;1041;Harcama;Sanal Market Harcaması;10;10;0;21.12.2021
2eedf6f1-b0b8-4293-b896-179ddcf8c1d73;Ali;Test;05433507828;10000000073;;İstanbul;Ataşehir;34758;2eedf6f1-b0b8-4293-b896-179ddcf8c1d74;1003;Para Yükleme;Saklı Kart ile Yükleme;10;10;0;21.12.2021
2eedf6f1-b0b8-4293-b896-179ddcf8c1d74;Ali;Test;05433507828;10000000074;;İstanbul;Ataşehir;34758;2eedf6f1-b0b8-4293-b896-179ddcf8c1d75;1003;Para Yükleme;Saklı Kart ile Yükleme;10;10;0;21.12.2021
2eedf6f1-b0b8-4293-b896-179ddcf8c1d75;Ali;Test;05433507828;10000000075;;İstanbul;Ataşehir;34758;2eedf6f1-b0b8-4293-b896-179ddcf8c1d76;1003;Para Yükleme;Saklı Kart ile Yükleme;10;10;0;21.12.2021
2eedf6f1-b0b8-4293-b896-179ddcf8c1d76;Ali;Test;05433507828;10000000076;;İstanbul;Ataşehir;34758;2eedf6f1-b0b8-4293-b896-179ddcf8c1d77;1003;Para Yükleme;Saklı Kart ile Yükleme;10;10;0;21.12.2021
2eedf6f1-b0b8-4293-b896-179ddcf8c1d77;Ali;Test;05433507828;10000000077;;İstanbul;Ataşehir;34758;2eedf6f1-b0b8-4293-b896-179ddcf8c1d78;1003;Para Yükleme;Saklı Kart ile Yükleme;10;10;0;21.12.2021
2eedf6f1-b0b8-4293-b896-179ddcf8c1d78;Ali;Test;05433507828;10000000078;;İstanbul;Ataşehir;34758;2eedf6f1-b0b8-4293-b896-179ddcf8c1d79;1003;Para Yükleme;Saklı Kart ile Yükleme;10;10;0;21.12.2021
2eedf6f1-b0b8-4293-b896-179ddcf8c1d79;Ali;Test;05433507828;10000000079;;İstanbul;Ataşehir;34758;2eedf6f1-b0b8-4293-b896-179ddcf8c1d80;1002;Para Yükleme;Kart ile Yükleme;10;10;0;21.12.2021
2eedf6f1-b0b8-4293-b896-179ddcf8c1d80;Ali;Test;05433507828;10000000080;;İstanbul;Ataşehir;34758;2eedf6f1-b0b8-4293-b896-179ddcf8c1d81;1002;Para Yükleme;Kart ile Yükleme;10;10;0;21.12.2021
2eedf6f1-b0b8-4293-b896-179ddcf8c1d81;Ali;Test;05433507828;10000000081;;İstanbul;Ataşehir;34758;2eedf6f1-b0b8-4293-b896-179ddcf8c1d82;1002;Para Yükleme;Kart ile Yükleme;10;10;0;21.12.2021
2eedf6f1-b0b8-4293-b896-179ddcf8c1d82;Ali;Test;05433507828;10000000082;;İstanbul;Ataşehir;34758;2eedf6f1-b0b8-4293-b896-179ddcf8c1d83;1002;Para Yükleme;Kart ile Yükleme;10;10;0;21.12.2021
2eedf6f1-b0b8-4293-b896-179ddcf8c1d83;Ali;Test;05433507828;10000000083;;İstanbul;Ataşehir;34758;2eedf6f1-b0b8-4293-b896-179ddcf8c1d84;1002;Para Yükleme;Kart ile Yükleme;10;10;0;21.12.2021
2eedf6f1-b0b8-4293-b896-179ddcf8c1d84;Ali;Test;05433507828;10000000084;;İstanbul;Ataşehir;34758;2eedf6f1-b0b8-4293-b896-179ddcf8c1d85;1023;Yatırım;Dijital Varlık  - Satış;10;11;1;21.12.2021
2eedf6f1-b0b8-4293-b896-179ddcf8c1d85;Ali;Test;05433507828;10000000085;;İstanbul;Ataşehir;34758;2eedf6f1-b0b8-4293-b896-179ddcf8c1d86;1023;Yatırım;Dijital Varlık  - Satış;10;11;1;21.12.2021
2eedf6f1-b0b8-4293-b896-179ddcf8c1d86;Ali;Test;05433507828;10000000086;;İstanbul;Ataşehir;34758;2eedf6f1-b0b8-4293-b896-179ddcf8c1d87;1023;Yatırım;Dijital Varlık  - Satış;10;11;1;21.12.2021
2eedf6f1-b0b8-4293-b896-179ddcf8c1d87;Ali;Test;05433507828;10000000087;;İstanbul;Ataşehir;34758;2eedf6f1-b0b8-4293-b896-179ddcf8c1d88;1023;Yatırım;Dijital Varlık  - Satış;10;11;1;21.12.2021
2eedf6f1-b0b8-4293-b896-179ddcf8c1d88;Ali;Test;05433507828;10000000088;;İstanbul;Ataşehir;34758;2eedf6f1-b0b8-4293-b896-179ddcf8c1d89;1023;Yatırım;Dijital Varlık  - Satış;10;11;1;21.12.2021
2eedf6f1-b0b8-4293-b896-179ddcf8c1d89;Ali;Test;05433507828;10000000089;;İstanbul;Ataşehir;34758;2eedf6f1-b0b8-4293-b896-179ddcf8c1d90;1023;Yatırım;Dijital Varlık  - Satış;10;11;1;21.12.2021
2eedf6f1-b0b8-4293-b896-179ddcf8c1d90;Ali;Test;05433507828;10000000090;;İstanbul;Ataşehir;34758;2eedf6f1-b0b8-4293-b896-179ddcf8c1d91;1022;Yatırım;Dijital Varlık - Alış;10;11;1;21.12.2021
2eedf6f1-b0b8-4293-b896-179ddcf8c1d91;Ali;Test;05433507828;10000000091;;İstanbul;Ataşehir;34758;2eedf6f1-b0b8-4293-b896-179ddcf8c1d92;1022;Yatırım;Dijital Varlık - Alış;10;11;1;21.12.2021
2eedf6f1-b0b8-4293-b896-179ddcf8c1d92;Ali;Test;05433507828;10000000092;;İstanbul;Ataşehir;34758;2eedf6f1-b0b8-4293-b896-179ddcf8c1d93;1022;Yatırım;Dijital Varlık - Alış;10;11;1;21.12.2021
2eedf6f1-b0b8-4293-b896-179ddcf8c1d93;Ali;Test;05433507828;10000000093;;İstanbul;Ataşehir;34758;2eedf6f1-b0b8-4293-b896-179ddcf8c1d94;1022;Yatırım;Dijital Varlık - Alış;10;11;1;21.12.2021
2eedf6f1-b0b8-4293-b896-179ddcf8c1d94;Ali;Test;05433507828;10000000094;;İstanbul;Ataşehir;34758;2eedf6f1-b0b8-4293-b896-179ddcf8c1d95;1022;Yatırım;Dijital Varlık - Alış;10;11;1;21.12.2021
2eedf6f1-b0b8-4293-b896-179ddcf8c1d95;Ali;Test;05433507828;10000000095;;İstanbul;Ataşehir;34758;2eedf6f1-b0b8-4293-b896-179ddcf8c1d96;1010;Harcama;Migros Harcaması;10;10;0;21.12.2021
2eedf6f1-b0b8-4293-b896-179ddcf8c1d96;Ali;Test;05433507828;10000000096;;İstanbul;Ataşehir;34758;2eedf6f1-b0b8-4293-b896-179ddcf8c1d97;1010;Harcama;Migros Harcaması;10;10;0;21.12.2021
2eedf6f1-b0b8-4293-b896-179ddcf8c1d97;Ali;Test;05433507828;10000000097;;İstanbul;Ataşehir;34758;2eedf6f1-b0b8-4293-b896-179ddcf8c1d98;1010;Harcama;Migros Harcaması;10;10;0;21.12.2021
2eedf6f1-b0b8-4293-b896-179ddcf8c1d98;Ali;Test;05433507828;10000000098;;İstanbul;Ataşehir;34758;2eedf6f1-b0b8-4293-b896-179ddcf8c1d99;1010;Harcama;Migros Harcaması;10;10;0;21.12.2021
2eedf6f1-b0b8-4293-b896-179ddcf8c1d99;Ali;Test;05433507828;10000000099;;İstanbul;Ataşehir;34758;2eedf6f1-b0b8-4293-b896-179ddcf8c1d100;1010;Harcama;Migros Harcaması;10;10;0;21.12.2021
2eedf6f1-b0b8-4293-b896-179ddcf8c1d100;Ali;Test;05433507828;10000000100;;İstanbul;Ataşehir;34758;2eedf6f1-b0b8-4293-b896-179ddcf8c1d101;1010;Harcama;Migros Harcaması;10;10;0;21.12.2021
2eedf6f1-b0b8-4293-b896-179ddcf8c1d101;Ali;Test;05433507828;10000000101;;İstanbul;Ataşehir;34758;2eedf6f1-b0b8-4293-b896-179ddcf8c1d102;1010;Harcama;Migros Harcaması;10;10;0;21.12.2021
2eedf6f1-b0b8-4293-b896-179ddcf8c1d102;Ali;Test;05433507828;10000000102;;İstanbul;Ataşehir;34758;2eedf6f1-b0b8-4293-b896-179ddcf8c1d103;1010;Harcama;Migros Harcaması;10;10;0;21.12.2021
2eedf6f1-b0b8-4293-b896-179ddcf8c1d103;Ali;Test;05433507828;10000000103;;İstanbul;Ataşehir;34758;2eedf6f1-b0b8-4293-b896-179ddcf8c1d104;1010;Harcama;Migros Harcaması;10;10;0;21.12.2021
2eedf6f1-b0b8-4293-b896-179ddcf8c1d104;Ali;Test;05433507828;10000000104;;İstanbul;Ataşehir;34758;2eedf6f1-b0b8-4293-b896-179ddcf8c1d105;1010;Harcama;Migros Harcaması;10;10;0;21.12.2021
2eedf6f1-b0b8-4293-b896-179ddcf8c1d105;Ali;Test;05433507828;10000000105;;İstanbul;Ataşehir;34758;2eedf6f1-b0b8-4293-b896-179ddcf8c1d106;1010;Harcama;Migros Harcaması;10;10;0;21.12.2021
2eedf6f1-b0b8-4293-b896-179ddcf8c1d106;Ali;Test;05433507828;10000000106;;İstanbul;Ataşehir;34758;2eedf6f1-b0b8-4293-b896-179ddcf8c1d107;1010;Harcama;Migros Harcaması;10;10;0;21.12.2021
2eedf6f1-b0b8-4293-b896-179ddcf8c1d107;Ali;Test;05433507828;10000000107;;İstanbul;Ataşehir;34758;2eedf6f1-b0b8-4293-b896-179ddcf8c1d108;1010;Harcama;Migros Harcaması;10;10;0;21.12.2021
2eedf6f1-b0b8-4293-b896-179ddcf8c1d108;Ali;Test;05433507828;10000000108;;İstanbul;Ataşehir;34758;2eedf6f1-b0b8-4293-b896-179ddcf8c1d109;1010;Harcama;Migros Harcaması;10;10;0;21.12.2021
2eedf6f1-b0b8-4293-b896-179ddcf8c1d109;Ali;Test;05433507828;10000000109;;İstanbul;Ataşehir;34758;2eedf6f1-b0b8-4293-b896-179ddcf8c1d110;1010;Harcama;Migros Harcaması;10;10;0;21.12.2021
2eedf6f1-b0b8-4293-b896-179ddcf8c1d110;Ali;Test;05433507828;10000000110;;İstanbul;Ataşehir;34758;2eedf6f1-b0b8-4293-b896-179ddcf8c1d111;1010;Harcama;Migros Harcaması;10;10;0;21.12.2021
2eedf6f1-b0b8-4293-b896-179ddcf8c1d111;Ali;Test;05433507828;10000000111;;İstanbul;Ataşehir;34758;2eedf6f1-b0b8-4293-b896-179ddcf8c1d112;1010;Harcama;Migros Harcaması;10;10;0;21.12.2021
2eedf6f1-b0b8-4293-b896-179ddcf8c1d112;Ali;Test;05433507828;10000000112;;İstanbul;Ataşehir;34758;2eedf6f1-b0b8-4293-b896-179ddcf8c1d113;1041;Harcama;Sanal Market Harcaması;10;10;0;21.12.2021
2eedf6f1-b0b8-4293-b896-179ddcf8c1d113;Ali;Test;05433507828;10000000113;;İstanbul;Ataşehir;34758;2eedf6f1-b0b8-4293-b896-179ddcf8c1d114;1041;Harcama;Sanal Market Harcaması;10;10;0;21.12.2021
2eedf6f1-b0b8-4293-b896-179ddcf8c1d114;Ali;Test;05433507828;10000000114;;İstanbul;Ataşehir;34758;2eedf6f1-b0b8-4293-b896-179ddcf8c1d115;1041;Harcama;Sanal Market Harcaması;10;10;0;21.12.2021
2eedf6f1-b0b8-4293-b896-179ddcf8c1d115;Ali;Test;05433507828;10000000115;;İstanbul;Ataşehir;34758;2eedf6f1-b0b8-4293-b896-179ddcf8c1d116;1041;Harcama;Sanal Market Harcaması;10;10;0;21.12.2021
2eedf6f1-b0b8-4293-b896-179ddcf8c1d116;Ali;Test;05433507828;10000000116;;İstanbul;Ataşehir;34758;2eedf6f1-b0b8-4293-b896-179ddcf8c1d117;1041;Harcama;Sanal Market Harcaması;10;10;0;21.12.2021
2eedf6f1-b0b8-4293-b896-179ddcf8c1d117;Ali;Test;05433507828;10000000117;;İstanbul;Ataşehir;34758;2eedf6f1-b0b8-4293-b896-179ddcf8c1d118;1041;Harcama;Sanal Market Harcaması;10;10;0;21.12.2021
2eedf6f1-b0b8-4293-b896-179ddcf8c1d118;Ali;Test;05433507828;10000000118;;İstanbul;Ataşehir;34758;2eedf6f1-b0b8-4293-b896-179ddcf8c1d119;1010;Harcama;Migros Harcaması;10;10;0;21.12.2021
2eedf6f1-b0b8-4293-b896-179ddcf8c1d119;Ali;Test;05433507828;10000000119;;İstanbul;Ataşehir;34758;2eedf6f1-b0b8-4293-b896-179ddcf8c1d120;1010;Harcama;Migros Harcaması;10;10;0;21.12.2021
2eedf6f1-b0b8-4293-b896-179ddcf8c1d120;Ali;Test;05433507828;10000000120;;İstanbul;Ataşehir;34758;2eedf6f1-b0b8-4293-b896-179ddcf8c1d121;1010;Harcama;Migros Harcaması;10;10;0;21.12.2021
2eedf6f1-b0b8-4293-b896-179ddcf8c1d121;Ali;Test;05433507828;10000000121;;İstanbul;Ataşehir;34758;2eedf6f1-b0b8-4293-b896-179ddcf8c1d122;1010;Harcama;Migros Harcaması;10;10;0;21.12.2021
2eedf6f1-b0b8-4293-b896-179ddcf8c1d122;Ali;Test;05433507828;10000000122;;İstanbul;Ataşehir;34758;2eedf6f1-b0b8-4293-b896-179ddcf8c1d123;1010;Harcama;Migros Harcaması;10;10;0;21.12.2021
2eedf6f1-b0b8-4293-b896-179ddcf8c1d123;Ali;Test;05433507828;10000000123;;İstanbul;Ataşehir;34758;2eedf6f1-b0b8-4293-b896-179ddcf8c1d124;1010;Harcama;Migros Harcaması;10;10;0;21.12.2021
2eedf6f1-b0b8-4293-b896-179ddcf8c1d124;Ali;Test;05433507828;10000000124;;İstanbul;Ataşehir;34758;2eedf6f1-b0b8-4293-b896-179ddcf8c1d125;1042;İptal;İptal - Sanal Market Harcaması;10;10;0;21.12.2021
2eedf6f1-b0b8-4293-b896-179ddcf8c1d125;Ali;Test;05433507828;10000000125;;İstanbul;Ataşehir;34758;2eedf6f1-b0b8-4293-b896-179ddcf8c1d126;1042;İptal;İptal - Sanal Market Harcaması;10;10;0;21.12.2021
2eedf6f1-b0b8-4293-b896-179ddcf8c1d126;Ali;Test;05433507828;10000000126;;İstanbul;Ataşehir;34758;2eedf6f1-b0b8-4293-b896-179ddcf8c1d127;1042;İptal;İptal - Sanal Market Harcaması;10;10;0;21.12.2021
2eedf6f1-b0b8-4293-b896-179ddcf8c1d127;Ali;Test;05433507828;10000000127;;İstanbul;Ataşehir;34758;2eedf6f1-b0b8-4293-b896-179ddcf8c1d128;1042;İptal;İptal - Sanal Market Harcaması;10;10;0;21.12.2021
2eedf6f1-b0b8-4293-b896-179ddcf8c1d128;Ali;Test;05433507828;10000000128;;İstanbul;Ataşehir;34758;2eedf6f1-b0b8-4293-b896-179ddcf8c1d129;1042;İptal;İptal - Sanal Market Harcaması;10;10;0;21.12.2021
2eedf6f1-b0b8-4293-b896-179ddcf8c1d129;Ali;Test;05433507828;10000000129;;İstanbul;Ataşehir;34758;2eedf6f1-b0b8-4293-b896-179ddcf8c1d130;1042;İptal;İptal - Sanal Market Harcaması;10;10;0;21.12.2021
2eedf6f1-b0b8-4293-b896-179ddcf8c1d130;Ali;Test;05433507828;10000000130;;İstanbul;Ataşehir;34758;2eedf6f1-b0b8-4293-b896-179ddcf8c1d131;1042;İptal;İptal - Sanal Market Harcaması;10;10;0;21.12.2021
2eedf6f1-b0b8-4293-b896-179ddcf8c1d131;Ali;Test;05433507828;10000000131;;İstanbul;Ataşehir;34758;2eedf6f1-b0b8-4293-b896-179ddcf8c1d132;1042;İptal;İptal - Sanal Market Harcaması;10;10;0;21.12.2021
2eedf6f1-b0b8-4293-b896-179ddcf8c1d132;Ali;Test;05433507828;10000000132;;İstanbul;Ataşehir;34758;2eedf6f1-b0b8-4293-b896-179ddcf8c1d133;1044;İade;Sanal Market İadesi;10;10;0;21.12.2021
2eedf6f1-b0b8-4293-b896-179ddcf8c1d133;Ali;Test;05433507828;10000000133;;İstanbul;Ataşehir;34758;2eedf6f1-b0b8-4293-b896-179ddcf8c1d134;1044;İade;Sanal Market İadesi;10;10;0;21.12.2021
2eedf6f1-b0b8-4293-b896-179ddcf8c1d134;Ali;Test;05433507828;10000000134;;İstanbul;Ataşehir;34758;2eedf6f1-b0b8-4293-b896-179ddcf8c1d135;1044;İade;Sanal Market İadesi;10;10;0;21.12.2021
2eedf6f1-b0b8-4293-b896-179ddcf8c1d135;Ali;Test;05433507828;10000000135;;İstanbul;Ataşehir;34758;2eedf6f1-b0b8-4293-b896-179ddcf8c1d136;1044;İade;Sanal Market İadesi;10;10;0;21.12.2021
2eedf6f1-b0b8-4293-b896-179ddcf8c1d136;Ali;Test;05433507828;10000000136;;İstanbul;Ataşehir;34758;2eedf6f1-b0b8-4293-b896-179ddcf8c1d137;1044;İade;Sanal Market İadesi;10;10;0;21.12.2021
2eedf6f1-b0b8-4293-b896-179ddcf8c1d137;Ali;Test;05433507828;10000000137;;İstanbul;Ataşehir;34758;2eedf6f1-b0b8-4293-b896-179ddcf8c1d138;1044;İade;Sanal Market İadesi;10;10;0;21.12.2021
2eedf6f1-b0b8-4293-b896-179ddcf8c1d138;Ali;Test;05433507828;10000000138;;İstanbul;Ataşehir;34758;2eedf6f1-b0b8-4293-b896-179ddcf8c1d139;1044;İade;Sanal Market İadesi;10;10;0;21.12.2021
2eedf6f1-b0b8-4293-b896-179ddcf8c1d139;Ali;Test;05433507828;10000000139;;İstanbul;Ataşehir;34758;2eedf6f1-b0b8-4293-b896-179ddcf8c1d140;1044;İade;Sanal Market İadesi;10;10;0;21.12.2021
2eedf6f1-b0b8-4293-b896-179ddcf8c1d140;Ali;Test;05433507828;10000000140;;İstanbul;Ataşehir;34758;2eedf6f1-b0b8-4293-b896-179ddcf8c1d141;1044;İade;Sanal Market İadesi;10;10;0;21.12.2021
2eedf6f1-b0b8-4293-b896-179ddcf8c1d141;Ali;Test;05433507828;10000000141;;İstanbul;Ataşehir;34758;2eedf6f1-b0b8-4293-b896-179ddcf8c1d142;1044;İade;Sanal Market İadesi;10;10;0;21.12.2021
2eedf6f1-b0b8-4293-b896-179ddcf8c1d142;Ali;Test;05433507828;10000000142;;İstanbul;Ataşehir;34758;2eedf6f1-b0b8-4293-b896-179ddcf8c1d143;1044;İade;Sanal Market İadesi;10;10;0;21.12.2021
2eedf6f1-b0b8-4293-b896-179ddcf8c1d143;Ali;Test;05433507828;10000000143;;İstanbul;Ataşehir;34758;2eedf6f1-b0b8-4293-b896-179ddcf8c1d144;1044;İade;Sanal Market İadesi;10;10;0;21.12.2021
2eedf6f1-b0b8-4293-b896-179ddcf8c1d144;Ali;Test;05433507828;10000000144;;İstanbul;Ataşehir;34758;2eedf6f1-b0b8-4293-b896-179ddcf8c1d145;1044;İade;Sanal Market İadesi;10;10;0;21.12.2021
2eedf6f1-b0b8-4293-b896-179ddcf8c1d145;Ali;Test;05433507828;10000000145;;İstanbul;Ataşehir;34758;2eedf6f1-b0b8-4293-b896-179ddcf8c1d146;1042;İptal;İptal - Sanal Market Harcaması;10;10;0;21.12.2021
2eedf6f1-b0b8-4293-b896-179ddcf8c1d146;Ali;Test;05433507828;10000000146;;İstanbul;Ataşehir;34758;2eedf6f1-b0b8-4293-b896-179ddcf8c1d147;1042;İptal;İptal - Sanal Market Harcaması;10;10;0;21.12.2021
2eedf6f1-b0b8-4293-b896-179ddcf8c1d147;Ali;Test;05433507828;10000000147;;İstanbul;Ataşehir;34758;2eedf6f1-b0b8-4293-b896-179ddcf8c1d148;1042;İptal;İptal - Sanal Market Harcaması;10;10;0;21.12.2021
2eedf6f1-b0b8-4293-b896-179ddcf8c1d148;Ali;Test;05433507828;10000000148;;İstanbul;Ataşehir;34758;2eedf6f1-b0b8-4293-b896-179ddcf8c1d149;1042;İptal;İptal - Sanal Market Harcaması;10;10;0;21.12.2021
2eedf6f1-b0b8-4293-b896-179ddcf8c1d149;Ali;Test;05433507828;10000000149;;İstanbul;Ataşehir;34758;2eedf6f1-b0b8-4293-b896-179ddcf8c1d150;1042;İptal;İptal - Sanal Market Harcaması;10;10;0;21.12.2021
2eedf6f1-b0b8-4293-b896-179ddcf8c1d150;Ali;Test;05433507828;10000000150;;İstanbul;Ataşehir;34758;2eedf6f1-b0b8-4293-b896-179ddcf8c1d151;1042;İptal;İptal - Sanal Market Harcaması;10;10;0;21.12.2021
2eedf6f1-b0b8-4293-b896-179ddcf8c1d151;Ali;Test;05433507828;10000000151;;İstanbul;Ataşehir;34758;2eedf6f1-b0b8-4293-b896-179ddcf8c1d152;1042;İptal;İptal - Sanal Market Harcaması;10;10;0;21.12.2021
2eedf6f1-b0b8-4293-b896-179ddcf8c1d152;Ali;Test;05433507828;10000000152;;İstanbul;Ataşehir;34758;2eedf6f1-b0b8-4293-b896-179ddcf8c1d153;1042;İptal;İptal - Sanal Market Harcaması;10;10;0;21.12.2021
2eedf6f1-b0b8-4293-b896-179ddcf8c1d153;Ali;Test;05433507828;10000000153;;İstanbul;Ataşehir;34758;2eedf6f1-b0b8-4293-b896-179ddcf8c1d154;1042;İptal;İptal - Sanal Market Harcaması;10;10;0;21.12.2021
2eedf6f1-b0b8-4293-b896-179ddcf8c1d154;Ali;Test;05433507828;10000000154;;İstanbul;Ataşehir;34758;2eedf6f1-b0b8-4293-b896-179ddcf8c1d155;1042;İptal;İptal - Sanal Market Harcaması;10;10;0;21.12.2021
2eedf6f1-b0b8-4293-b896-179ddcf8c1d155;Ali;Test;05433507828;10000000155;;İstanbul;Ataşehir;34758;2eedf6f1-b0b8-4293-b896-179ddcf8c1d156;1042;İptal;İptal - Sanal Market Harcaması;10;10;0;21.12.2021
2eedf6f1-b0b8-4293-b896-179ddcf8c1d156;Ali;Test;05433507828;10000000156;;İstanbul;Ataşehir;34758;2eedf6f1-b0b8-4293-b896-179ddcf8c1d157;1042;İptal;İptal - Sanal Market Harcaması;10;10;0;21.12.2021
2eedf6f1-b0b8-4293-b896-179ddcf8c1d157;Ali;Test;05433507828;10000000157;;İstanbul;Ataşehir;34758;2eedf6f1-b0b8-4293-b896-179ddcf8c1d158;1042;İptal;İptal - Sanal Market Harcaması;10;10;0;21.12.2021
2eedf6f1-b0b8-4293-b896-179ddcf8c1d158;Ali;Test;05433507828;10000000158;;İstanbul;Ataşehir;34758;2eedf6f1-b0b8-4293-b896-179ddcf8c1d159;1042;İptal;İptal - Sanal Market Harcaması;10;10;0;21.12.2021
2eedf6f1-b0b8-4293-b896-179ddcf8c1d159;Ali;Test;05433507828;10000000159;;İstanbul;Ataşehir;34758;2eedf6f1-b0b8-4293-b896-179ddcf8c1d160;1042;İptal;İptal - Sanal Market Harcaması;10;10;0;21.12.2021
2eedf6f1-b0b8-4293-b896-179ddcf8c1d160;Ali;Test;05433507828;10000000160;;İstanbul;Ataşehir;34758;2eedf6f1-b0b8-4293-b896-179ddcf8c1d161;1042;İptal;İptal - Sanal Market Harcaması;10;10;0;21.12.2021
2eedf6f1-b0b8-4293-b896-179ddcf8c1d161;Ali;Test;05433507828;10000000161;;İstanbul;Ataşehir;34758;2eedf6f1-b0b8-4293-b896-179ddcf8c1d162;1042;İptal;İptal - Sanal Market Harcaması;10;10;0;21.12.2021
2eedf6f1-b0b8-4293-b896-179ddcf8c1d162;Ali;Test;05433507828;10000000162;;İstanbul;Ataşehir;34758;2eedf6f1-b0b8-4293-b896-179ddcf8c1d163;1042;İptal;İptal - Sanal Market Harcaması;10;10;0;21.12.2021
2eedf6f1-b0b8-4293-b896-179ddcf8c1d163;Ali;Test;05433507828;10000000163;;İstanbul;Ataşehir;34758;2eedf6f1-b0b8-4293-b896-179ddcf8c1d164;1042;İptal;İptal - Sanal Market Harcaması;10;10;0;21.12.2021
2eedf6f1-b0b8-4293-b896-179ddcf8c1d164;Ali;Test;05433507828;10000000164;;İstanbul;Ataşehir;34758;2eedf6f1-b0b8-4293-b896-179ddcf8c1d165;1042;İptal;İptal - Sanal Market Harcaması;10;10;0;21.12.2021
2eedf6f1-b0b8-4293-b896-179ddcf8c1d165;Ali;Test;05433507828;10000000165;;İstanbul;Ataşehir;34758;2eedf6f1-b0b8-4293-b896-179ddcf8c1d166;1042;İptal;İptal - Sanal Market Harcaması;10;10;0;21.12.2021
2eedf6f1-b0b8-4293-b896-179ddcf8c1d166;Ali;Test;05433507828;10000000166;;İstanbul;Ataşehir;34758;2eedf6f1-b0b8-4293-b896-179ddcf8c1d167;1042;İptal;İptal - Sanal Market Harcaması;10;10;0;21.12.2021
2eedf6f1-b0b8-4293-b896-179ddcf8c1d167;Ali;Test;05433507828;10000000167;;İstanbul;Ataşehir;34758;2eedf6f1-b0b8-4293-b896-179ddcf8c1d168;1042;İptal;İptal - Sanal Market Harcaması;10;10;0;21.12.2021
2eedf6f1-b0b8-4293-b896-179ddcf8c1d168;Ali;Test;05433507828;10000000168;;İstanbul;Ataşehir;34758;2eedf6f1-b0b8-4293-b896-179ddcf8c1d169;1042;İptal;İptal - Sanal Market Harcaması;10;10;0;21.12.2021
2eedf6f1-b0b8-4293-b896-179ddcf8c1d169;Ali;Test;05433507828;10000000169;;İstanbul;Ataşehir;34758;2eedf6f1-b0b8-4293-b896-179ddcf8c1d170;1042;İptal;İptal - Sanal Market Harcaması;10;10;0;21.12.2021
2eedf6f1-b0b8-4293-b896-179ddcf8c1d170;Ali;Test;05433507828;10000000170;;İstanbul;Ataşehir;34758;2eedf6f1-b0b8-4293-b896-179ddcf8c1d171;1042;İptal;İptal - Sanal Market Harcaması;10;10;0;21.12.2021
2eedf6f1-b0b8-4293-b896-179ddcf8c1d171;Ali;Test;05433507828;10000000171;;İstanbul;Ataşehir;34758;2eedf6f1-b0b8-4293-b896-179ddcf8c1d172;1042;İptal;İptal - Sanal Market Harcaması;10;10;0;21.12.2021
2eedf6f1-b0b8-4293-b896-179ddcf8c1d172;Ali;Test;05433507828;10000000172;;İstanbul;Ataşehir;34758;2eedf6f1-b0b8-4293-b896-179ddcf8c1d173;1042;İptal;İptal - Sanal Market Harcaması;10;10;0;21.12.2021
2eedf6f1-b0b8-4293-b896-179ddcf8c1d173;Ali;Test;05433507828;10000000173;;İstanbul;Ataşehir;34758;2eedf6f1-b0b8-4293-b896-179ddcf8c1d174;1042;İptal;İptal - Sanal Market Harcaması;10;10;0;21.12.2021
2eedf6f1-b0b8-4293-b896-179ddcf8c1d174;Ali;Test;05433507828;10000000174;;İstanbul;Ataşehir;34758;2eedf6f1-b0b8-4293-b896-179ddcf8c1d175;1042;İptal;İptal - Sanal Market Harcaması;10;10;0;21.12.2021
2eedf6f1-b0b8-4293-b896-179ddcf8c1d175;Ali;Test;05433507828;10000000175;;İstanbul;Ataşehir;34758;2eedf6f1-b0b8-4293-b896-179ddcf8c1d176;1042;İptal;İptal - Sanal Market Harcaması;10;10;0;21.12.2021
2eedf6f1-b0b8-4293-b896-179ddcf8c1d176;Ali;Test;05433507828;10000000176;;İstanbul;Ataşehir;34758;2eedf6f1-b0b8-4293-b896-179ddcf8c1d177;1042;İptal;İptal - Sanal Market Harcaması;10;10;0;21.12.2021
2eedf6f1-b0b8-4293-b896-179ddcf8c1d177;Ali;Test;05433507828;10000000177;;İstanbul;Ataşehir;34758;2eedf6f1-b0b8-4293-b896-179ddcf8c1d178;1042;İptal;İptal - Sanal Market Harcaması;10;10;0;21.12.2021
2eedf6f1-b0b8-4293-b896-179ddcf8c1d178;Ali;Test;05433507828;10000000178;;İstanbul;Ataşehir;34758;2eedf6f1-b0b8-4293-b896-179ddcf8c1d179;1042;İptal;İptal - Sanal Market Harcaması;10;10;0;21.12.2021
2eedf6f1-b0b8-4293-b896-179ddcf8c1d179;Ali;Test;05433507828;10000000179;;İstanbul;Ataşehir;34758;2eedf6f1-b0b8-4293-b896-179ddcf8c1d180;1042;İptal;İptal - Sanal Market Harcaması;10;10;0;21.12.2021
2eedf6f1-b0b8-4293-b896-179ddcf8c1d180;Ali;Test;05433507828;10000000180;;İstanbul;Ataşehir;34758;2eedf6f1-b0b8-4293-b896-179ddcf8c1d181;1042;İptal;İptal - Sanal Market Harcaması;10;10;0;21.12.2021
2eedf6f1-b0b8-4293-b896-179ddcf8c1d181;Ali;Test;05433507828;10000000181;;İstanbul;Ataşehir;34758;2eedf6f1-b0b8-4293-b896-179ddcf8c1d182;1042;İptal;İptal - Sanal Market Harcaması;10;10;0;21.12.2021
2eedf6f1-b0b8-4293-b896-179ddcf8c1d182;Ali;Test;05433507828;10000000182;;İstanbul;Ataşehir;34758;2eedf6f1-b0b8-4293-b896-179ddcf8c1d183;1042;İptal;İptal - Sanal Market Harcaması;10;10;0;21.12.2021
2eedf6f1-b0b8-4293-b896-179ddcf8c1d183;Ali;Test;05433507828;10000000183;;İstanbul;Ataşehir;34758;2eedf6f1-b0b8-4293-b896-179ddcf8c1d184;1042;İptal;İptal - Sanal Market Harcaması;10;10;0;21.12.2021
2eedf6f1-b0b8-4293-b896-179ddcf8c1d184;Ali;Test;05433507828;10000000184;;İstanbul;Ataşehir;34758;2eedf6f1-b0b8-4293-b896-179ddcf8c1d185;1042;İptal;İptal - Sanal Market Harcaması;10;10;0;21.12.2021
2eedf6f1-b0b8-4293-b896-179ddcf8c1d185;Ali;Test;05433507828;10000000185;;İstanbul;Ataşehir;34758;2eedf6f1-b0b8-4293-b896-179ddcf8c1d186;1042;İptal;İptal - Sanal Market Harcaması;10;10;0;21.12.2021
2eedf6f1-b0b8-4293-b896-179ddcf8c1d186;Ali;Test;05433507828;10000000186;;İstanbul;Ataşehir;34758;2eedf6f1-b0b8-4293-b896-179ddcf8c1d187;1042;İptal;İptal - Sanal Market Harcaması;10;10;0;21.12.2021
2eedf6f1-b0b8-4293-b896-179ddcf8c1d187;Ali;Test;05433507828;10000000187;;İstanbul;Ataşehir;34758;2eedf6f1-b0b8-4293-b896-179ddcf8c1d188;1042;İptal;İptal - Sanal Market Harcaması;10;10;0;21.12.2021
2eedf6f1-b0b8-4293-b896-179ddcf8c1d188;Ali;Test;05433507828;10000000188;;İstanbul;Ataşehir;34758;2eedf6f1-b0b8-4293-b896-179ddcf8c1d189;1042;İptal;İptal - Sanal Market Harcaması;10;10;0;21.12.2021
2eedf6f1-b0b8-4293-b896-179ddcf8c1d189;Ali;Test;05433507828;10000000189;;İstanbul;Ataşehir;34758;2eedf6f1-b0b8-4293-b896-179ddcf8c1d190;1042;İptal;İptal - Sanal Market Harcaması;10;10;0;21.12.2021
2eedf6f1-b0b8-4293-b896-179ddcf8c1d190;Ali;Test;05433507828;10000000190;;İstanbul;Ataşehir;34758;2eedf6f1-b0b8-4293-b896-179ddcf8c1d191;1042;İptal;İptal - Sanal Market Harcaması;10;10;0;21.12.2021
2eedf6f1-b0b8-4293-b896-179ddcf8c1d191;Ali;Test;05433507828;10000000191;;İstanbul;Ataşehir;34758;2eedf6f1-b0b8-4293-b896-179ddcf8c1d192;1042;İptal;İptal - Sanal Market Harcaması;10;10;0;21.12.2021
2eedf6f1-b0b8-4293-b896-179ddcf8c1d192;Ali;Test;05433507828;10000000192;;İstanbul;Ataşehir;34758;2eedf6f1-b0b8-4293-b896-179ddcf8c1d193;1042;İptal;İptal - Sanal Market Harcaması;10;10;0;21.12.2021
2eedf6f1-b0b8-4293-b896-179ddcf8c1d193;Ali;Test;05433507828;10000000193;;İstanbul;Ataşehir;34758;2eedf6f1-b0b8-4293-b896-179ddcf8c1d194;1042;İptal;İptal - Sanal Market Harcaması;10;10;0;21.12.2021
2eedf6f1-b0b8-4293-b896-179ddcf8c1d194;Ali;Test;05433507828;10000000194;;İstanbul;Ataşehir;34758;2eedf6f1-b0b8-4293-b896-179ddcf8c1d195;1042;İptal;İptal - Sanal Market Harcaması;10;10;0;21.12.2021
2eedf6f1-b0b8-4293-b896-179ddcf8c1d195;Ali;Test;05433507828;10000000195;;İstanbul;Ataşehir;34758;2eedf6f1-b0b8-4293-b896-179ddcf8c1d196;1042;İptal;İptal - Sanal Market Harcaması;10;10;0;21.12.2021
2eedf6f1-b0b8-4293-b896-179ddcf8c1d196;Ali;Test;05433507828;10000000196;;İstanbul;Ataşehir;34758;2eedf6f1-b0b8-4293-b896-179ddcf8c1d197;1042;İptal;İptal - Sanal Market Harcaması;10;10;0;21.12.2021
2eedf6f1-b0b8-4293-b896-179ddcf8c1d197;Ali;Test;05433507828;10000000197;;İstanbul;Ataşehir;34758;2eedf6f1-b0b8-4293-b896-179ddcf8c1d198;1042;İptal;İptal - Sanal Market Harcaması;10;10;0;21.12.2021
2eedf6f1-b0b8-4293-b896-179ddcf8c1d198;Ali;Test;05433507828;10000000198;;İstanbul;Ataşehir;34758;2eedf6f1-b0b8-4293-b896-179ddcf8c1d199;1042;İptal;İptal - Sanal Market Harcaması;10;10;0;21.12.2021
2eedf6f1-b0b8-4293-b896-179ddcf8c1d199;Ali;Test;05433507828;10000000199;;İstanbul;Ataşehir;34758;2eedf6f1-b0b8-4293-b896-179ddcf8c1d200;1042;İptal;İptal - Sanal Market Harcaması;10;10;0;21.12.2021
2eedf6f1-b0b8-4293-b896-179ddcf8c1d200;Ali;Test;05433507828;10000000200;;İstanbul;Ataşehir;34758;2eedf6f1-b0b8-4293-b896-179ddcf8c1d201;1042;İptal;İptal - Sanal Market Harcaması;10;10;0;21.12.2021
2eedf6f1-b0b8-4293-b896-179ddcf8c1d201;Ali;Test;05433507828;10000000201;;İstanbul;Ataşehir;34758;2eedf6f1-b0b8-4293-b896-179ddcf8c1d202;1057;0;Arkadaşını Davet Et Ödül Yüklemesi;10;10;0;21.12.2021
2eedf6f1-b0b8-4293-b896-179ddcf8c1d202;Ali;Test;05433507828;10000000202;;İstanbul;Ataşehir;34758;2eedf6f1-b0b8-4293-b896-179ddcf8c1d203;1057;0;Arkadaşını Davet Et Ödül Yüklemesi;10;10;0;21.12.2021
2eedf6f1-b0b8-4293-b896-179ddcf8c1d203;Ali;Test;05433507828;10000000203;;İstanbul;Ataşehir;34758;2eedf6f1-b0b8-4293-b896-179ddcf8c1d204;1057;0;Arkadaşını Davet Et Ödül Yüklemesi;10;10;0;21.12.2021
2eedf6f1-b0b8-4293-b896-179ddcf8c1d204;Ali;Test;05433507828;10000000204;;İstanbul;Ataşehir;34758;2eedf6f1-b0b8-4293-b896-179ddcf8c1d205;1057;0;Arkadaşını Davet Et Ödül Yüklemesi;10;10;0;21.12.2021
2eedf6f1-b0b8-4293-b896-179ddcf8c1d205;Ali;Test;05433507828;10000000205;;İstanbul;Ataşehir;34758;2eedf6f1-b0b8-4293-b896-179ddcf8c1d206;1057;0;Arkadaşını Davet Et Ödül Yüklemesi;10;10;0;21.12.2021
2eedf6f1-b0b8-4293-b896-179ddcf8c1d206;Ali;Test;05433507828;10000000206;;İstanbul;Ataşehir;34758;2eedf6f1-b0b8-4293-b896-179ddcf8c1d207;1057;0;Arkadaşını Davet Et Ödül Yüklemesi;10;10;0;21.12.2021
2eedf6f1-b0b8-4293-b896-179ddcf8c1d207;Ali;Test;05433507828;10000000207;;İstanbul;Ataşehir;34758;2eedf6f1-b0b8-4293-b896-179ddcf8c1d208;1057;0;Arkadaşını Davet Et Ödül Yüklemesi;10;10;0;21.12.2021
2eedf6f1-b0b8-4293-b896-179ddcf8c1d208;Ali;Test;05433507828;10000000208;;İstanbul;Ataşehir;34758;2eedf6f1-b0b8-4293-b896-179ddcf8c1d209;1057;0;Arkadaşını Davet Et Ödül Yüklemesi;10;10;0;21.12.2021
2eedf6f1-b0b8-4293-b896-179ddcf8c1d209;Ali;Test;05433507828;10000000209;;İstanbul;Ataşehir;34758;2eedf6f1-b0b8-4293-b896-179ddcf8c1d210;1057;0;Arkadaşını Davet Et Ödül Yüklemesi;10;10;0;21.12.2021
2eedf6f1-b0b8-4293-b896-179ddcf8c1d210;Ali;Test;05433507828;10000000210;;İstanbul;Ataşehir;34758;2eedf6f1-b0b8-4293-b896-179ddcf8c1d211;1042;İptal;İptal - Sanal Market Harcaması;10;10;0;21.12.2021
2eedf6f1-b0b8-4293-b896-179ddcf8c1d211;Ali;Test;05433507828;10000000211;;İstanbul;Ataşehir;34758;2eedf6f1-b0b8-4293-b896-179ddcf8c1d212;1042;İptal;İptal - Sanal Market Harcaması;10;10;0;21.12.2021
2eedf6f1-b0b8-4293-b896-179ddcf8c1d212;Ali;Test;05433507828;10000000212;;İstanbul;Ataşehir;34758;2eedf6f1-b0b8-4293-b896-179ddcf8c1d213;1042;İptal;İptal - Sanal Market Harcaması;10;10;0;21.12.2021
2eedf6f1-b0b8-4293-b896-179ddcf8c1d213;Ali;Test;05433507828;10000000213;;İstanbul;Ataşehir;34758;2eedf6f1-b0b8-4293-b896-179ddcf8c1d214;1042;İptal;İptal - Sanal Market Harcaması;10;10;0;21.12.2021
2eedf6f1-b0b8-4293-b896-179ddcf8c1d214;Ali;Test;05433507828;10000000214;;İstanbul;Ataşehir;34758;2eedf6f1-b0b8-4293-b896-179ddcf8c1d215;1042;İptal;İptal - Sanal Market Harcaması;10;10;0;21.12.2021
2eedf6f1-b0b8-4293-b896-179ddcf8c1d215;Ali;Test;05433507828;10000000215;;İstanbul;Ataşehir;34758;2eedf6f1-b0b8-4293-b896-179ddcf8c1d216;1042;İptal;İptal - Sanal Market Harcaması;10;10;0;21.12.2021
2eedf6f1-b0b8-4293-b896-179ddcf8c1d216;Ali;Test;05433507828;10000000216;;İstanbul;Ataşehir;34758;2eedf6f1-b0b8-4293-b896-179ddcf8c1d217;1042;İptal;İptal - Sanal Market Harcaması;10;10;0;21.12.2021
2eedf6f1-b0b8-4293-b896-179ddcf8c1d217;Ali;Test;05433507828;10000000217;;İstanbul;Ataşehir;34758;2eedf6f1-b0b8-4293-b896-179ddcf8c1d218;1042;İptal;İptal - Sanal Market Harcaması;10;10;0;21.12.2021
2eedf6f1-b0b8-4293-b896-179ddcf8c1d218;Ali;Test;05433507828;10000000218;;İstanbul;Ataşehir;34758;2eedf6f1-b0b8-4293-b896-179ddcf8c1d219;1042;İptal;İptal - Sanal Market Harcaması;10;10;0;21.12.2021
2eedf6f1-b0b8-4293-b896-179ddcf8c1d219;Ali;Test;05433507828;10000000219;;İstanbul;Ataşehir;34758;2eedf6f1-b0b8-4293-b896-179ddcf8c1d220;1042;İptal;İptal - Sanal Market Harcaması;10;10;0;21.12.2021
2eedf6f1-b0b8-4293-b896-179ddcf8c1d220;Ali;Test;05433507828;10000000220;;İstanbul;Ataşehir;34758;2eedf6f1-b0b8-4293-b896-179ddcf8c1d221;1042;İptal;İptal - Sanal Market Harcaması;10;10;0;21.12.2021
2eedf6f1-b0b8-4293-b896-179ddcf8c1d221;Ali;Test;05433507828;10000000221;;İstanbul;Ataşehir;34758;2eedf6f1-b0b8-4293-b896-179ddcf8c1d222;1042;İptal;İptal - Sanal Market Harcaması;10;10;0;21.12.2021
2eedf6f1-b0b8-4293-b896-179ddcf8c1d222;Ali;Test;05433507828;10000000222;;İstanbul;Ataşehir;34758;2eedf6f1-b0b8-4293-b896-179ddcf8c1d223;1042;İptal;İptal - Sanal Market Harcaması;10;10;0;21.12.2021
2eedf6f1-b0b8-4293-b896-179ddcf8c1d223;Ali;Test;05433507828;10000000223;;İstanbul;Ataşehir;34758;2eedf6f1-b0b8-4293-b896-179ddcf8c1d224;1042;İptal;İptal - Sanal Market Harcaması;10;10;0;21.12.2021
2eedf6f1-b0b8-4293-b896-179ddcf8c1d224;Ali;Test;05433507828;10000000224;;İstanbul;Ataşehir;34758;2eedf6f1-b0b8-4293-b896-179ddcf8c1d225;1042;İptal;İptal - Sanal Market Harcaması;10;10;0;21.12.2021
2eedf6f1-b0b8-4293-b896-179ddcf8c1d225;Ali;Test;05433507828;10000000225;;İstanbul;Ataşehir;34758;2eedf6f1-b0b8-4293-b896-179ddcf8c1d226;1042;İptal;İptal - Sanal Market Harcaması;10;10;0;21.12.2021
2eedf6f1-b0b8-4293-b896-179ddcf8c1d226;Ali;Test;05433507828;10000000226;;İstanbul;Ataşehir;34758;2eedf6f1-b0b8-4293-b896-179ddcf8c1d227;1042;İptal;İptal - Sanal Market Harcaması;10;10;0;21.12.2021
2eedf6f1-b0b8-4293-b896-179ddcf8c1d227;Ali;Test;05433507828;10000000227;;İstanbul;Ataşehir;34758;2eedf6f1-b0b8-4293-b896-179ddcf8c1d228;1042;İptal;İptal - Sanal Market Harcaması;10;10;0;21.12.2021
2eedf6f1-b0b8-4293-b896-179ddcf8c1d228;Ali;Test;05433507828;10000000228;;İstanbul;Ataşehir;34758;2eedf6f1-b0b8-4293-b896-179ddcf8c1d229;1042;İptal;İptal - Sanal Market Harcaması;10;10;0;21.12.2021
2eedf6f1-b0b8-4293-b896-179ddcf8c1d229;Ali;Test;05433507828;10000000229;;İstanbul;Ataşehir;34758;2eedf6f1-b0b8-4293-b896-179ddcf8c1d230;1042;İptal;İptal - Sanal Market Harcaması;10;10;0;21.12.2021
2eedf6f1-b0b8-4293-b896-179ddcf8c1d230;Ali;Test;05433507828;10000000230;;İstanbul;Ataşehir;34758;2eedf6f1-b0b8-4293-b896-179ddcf8c1d231;1042;İptal;İptal - Sanal Market Harcaması;10;10;0;21.12.2021
2eedf6f1-b0b8-4293-b896-179ddcf8c1d231;Ali;Test;05433507828;10000000231;;İstanbul;Ataşehir;34758;2eedf6f1-b0b8-4293-b896-179ddcf8c1d232;1042;İptal;İptal - Sanal Market Harcaması;10;10;0;21.12.2021
2eedf6f1-b0b8-4293-b896-179ddcf8c1d232;Ali;Test;05433507828;10000000232;;İstanbul;Ataşehir;34758;2eedf6f1-b0b8-4293-b896-179ddcf8c1d233;1042;İptal;İptal - Sanal Market Harcaması;10;10;0;21.12.2021
2eedf6f1-b0b8-4293-b896-179ddcf8c1d233;Ali;Test;05433507828;10000000233;;İstanbul;Ataşehir;34758;2eedf6f1-b0b8-4293-b896-179ddcf8c1d234;1042;İptal;İptal - Sanal Market Harcaması;10;10;0;21.12.2021
2eedf6f1-b0b8-4293-b896-179ddcf8c1d234;Ali;Test;05433507828;10000000234;;İstanbul;Ataşehir;34758;2eedf6f1-b0b8-4293-b896-179ddcf8c1d235;1042;İptal;İptal - Sanal Market Harcaması;10;10;0;21.12.2021
2eedf6f1-b0b8-4293-b896-179ddcf8c1d235;Ali;Test;05433507828;10000000235;;İstanbul;Ataşehir;34758;2eedf6f1-b0b8-4293-b896-179ddcf8c1d236;1042;İptal;İptal - Sanal Market Harcaması;10;10;0;21.12.2021
2eedf6f1-b0b8-4293-b896-179ddcf8c1d236;Ali;Test;05433507828;10000000236;;İstanbul;Ataşehir;34758;2eedf6f1-b0b8-4293-b896-179ddcf8c1d237;1042;İptal;İptal - Sanal Market Harcaması;10;10;0;21.12.2021
2eedf6f1-b0b8-4293-b896-179ddcf8c1d237;Ali;Test;05433507828;10000000237;;İstanbul;Ataşehir;34758;2eedf6f1-b0b8-4293-b896-179ddcf8c1d238;1042;İptal;İptal - Sanal Market Harcaması;10;10;0;21.12.2021
2eedf6f1-b0b8-4293-b896-179ddcf8c1d238;Ali;Test;05433507828;10000000238;;İstanbul;Ataşehir;34758;2eedf6f1-b0b8-4293-b896-179ddcf8c1d239;1042;İptal;İptal - Sanal Market Harcaması;10;10;0;21.12.2021
2eedf6f1-b0b8-4293-b896-179ddcf8c1d239;Ali;Test;05433507828;10000000239;;İstanbul;Ataşehir;34758;2eedf6f1-b0b8-4293-b896-179ddcf8c1d240;1042;İptal;İptal - Sanal Market Harcaması;10;10;0;21.12.2021
2eedf6f1-b0b8-4293-b896-179ddcf8c1d240;Ali;Test;05433507828;10000000240;;İstanbul;Ataşehir;34758;2eedf6f1-b0b8-4293-b896-179ddcf8c1d241;1042;İptal;İptal - Sanal Market Harcaması;10;10;0;21.12.2021
2eedf6f1-b0b8-4293-b896-179ddcf8c1d241;Ali;Test;05433507828;10000000241;;İstanbul;Ataşehir;34758;2eedf6f1-b0b8-4293-b896-179ddcf8c1d242;1042;İptal;İptal - Sanal Market Harcaması;10;10;0;21.12.2021
2eedf6f1-b0b8-4293-b896-179ddcf8c1d242;Ali;Test;05433507828;10000000242;;İstanbul;Ataşehir;34758;2eedf6f1-b0b8-4293-b896-179ddcf8c1d243;1042;İptal;İptal - Sanal Market Harcaması;10;10;0;21.12.2021
2eedf6f1-b0b8-4293-b896-179ddcf8c1d243;Ali;Test;05433507828;10000000243;;İstanbul;Ataşehir;34758;2eedf6f1-b0b8-4293-b896-179ddcf8c1d244;1042;İptal;İptal - Sanal Market Harcaması;10;10;0;21.12.2021
2eedf6f1-b0b8-4293-b896-179ddcf8c1d244;Ali;Test;05433507828;10000000244;;İstanbul;Ataşehir;34758;2eedf6f1-b0b8-4293-b896-179ddcf8c1d245;1042;İptal;İptal - Sanal Market Harcaması;10;10;0;21.12.2021
2eedf6f1-b0b8-4293-b896-179ddcf8c1d245;Ali;Test;05433507828;10000000245;;İstanbul;Ataşehir;34758;2eedf6f1-b0b8-4293-b896-179ddcf8c1d246;1042;İptal;İptal - Sanal Market Harcaması;10;10;0;21.12.2021
2eedf6f1-b0b8-4293-b896-179ddcf8c1d246;Ali;Test;05433507828;10000000246;;İstanbul;Ataşehir;34758;2eedf6f1-b0b8-4293-b896-179ddcf8c1d247;1042;İptal;İptal - Sanal Market Harcaması;10;10;0;21.12.2021
2eedf6f1-b0b8-4293-b896-179ddcf8c1d247;Ali;Test;05433507828;10000000247;;İstanbul;Ataşehir;34758;2eedf6f1-b0b8-4293-b896-179ddcf8c1d248;1042;İptal;İptal - Sanal Market Harcaması;10;10;0;21.12.2021
2eedf6f1-b0b8-4293-b896-179ddcf8c1d248;Ali;Test;05433507828;10000000248;;İstanbul;Ataşehir;34758;2eedf6f1-b0b8-4293-b896-179ddcf8c1d249;1042;İptal;İptal - Sanal Market Harcaması;10;10;0;21.12.2021
2eedf6f1-b0b8-4293-b896-179ddcf8c1d249;Ali;Test;05433507828;10000000249;;İstanbul;Ataşehir;34758;2eedf6f1-b0b8-4293-b896-179ddcf8c1d250;1042;İptal;İptal - Sanal Market Harcaması;10;10;0;21.12.2021
2eedf6f1-b0b8-4293-b896-179ddcf8c1d250;Ali;Test;05433507828;10000000250;;İstanbul;Ataşehir;34758;2eedf6f1-b0b8-4293-b896-179ddcf8c1d251;1042;İptal;İptal - Sanal Market Harcaması;10;10;0;21.12.2021
2eedf6f1-b0b8-4293-b896-179ddcf8c1d251;Ali;Test;05433507828;10000000251;;İstanbul;Ataşehir;34758;2eedf6f1-b0b8-4293-b896-179ddcf8c1d252;1042;İptal;İptal - Sanal Market Harcaması;10;10;0;21.12.2021
2eedf6f1-b0b8-4293-b896-179ddcf8c1d252;Ali;Test;05433507828;10000000252;;İstanbul;Ataşehir;34758;2eedf6f1-b0b8-4293-b896-179ddcf8c1d253;1042;İptal;İptal - Sanal Market Harcaması;10;10;0;21.12.2021
2eedf6f1-b0b8-4293-b896-179ddcf8c1d253;Ali;Test;05433507828;10000000253;;İstanbul;Ataşehir;34758;2eedf6f1-b0b8-4293-b896-179ddcf8c1d254;1042;İptal;İptal - Sanal Market Harcaması;10;10;0;21.12.2021
2eedf6f1-b0b8-4293-b896-179ddcf8c1d254;Ali;Test;05433507828;10000000254;;İstanbul;Ataşehir;34758;2eedf6f1-b0b8-4293-b896-179ddcf8c1d255;1042;İptal;İptal - Sanal Market Harcaması;10;10;0;21.12.2021
2eedf6f1-b0b8-4293-b896-179ddcf8c1d255;Ali;Test;05433507828;10000000255;;İstanbul;Ataşehir;34758;2eedf6f1-b0b8-4293-b896-179ddcf8c1d256;1042;İptal;İptal - Sanal Market Harcaması;10;10;0;21.12.2021
2eedf6f1-b0b8-4293-b896-179ddcf8c1d256;Ali;Test;05433507828;10000000256;;İstanbul;Ataşehir;34758;2eedf6f1-b0b8-4293-b896-179ddcf8c1d257;1042;İptal;İptal - Sanal Market Harcaması;10;10;0;21.12.2021
2eedf6f1-b0b8-4293-b896-179ddcf8c1d257;Ali;Test;05433507828;10000000257;;İstanbul;Ataşehir;34758;2eedf6f1-b0b8-4293-b896-179ddcf8c1d258;1042;İptal;İptal - Sanal Market Harcaması;10;10;0;21.12.2021
2eedf6f1-b0b8-4293-b896-179ddcf8c1d258;Ali;Test;05433507828;10000000258;;İstanbul;Ataşehir;34758;2eedf6f1-b0b8-4293-b896-179ddcf8c1d259;1042;İptal;İptal - Sanal Market Harcaması;10;10;0;21.12.2021
2eedf6f1-b0b8-4293-b896-179ddcf8c1d259;Ali;Test;05433507828;10000000259;;İstanbul;Ataşehir;34758;2eedf6f1-b0b8-4293-b896-179ddcf8c1d260;1042;İptal;İptal - Sanal Market Harcaması;10;10;0;21.12.2021
2eedf6f1-b0b8-4293-b896-179ddcf8c1d260;Ali;Test;05433507828;10000000260;;İstanbul;Ataşehir;34758;2eedf6f1-b0b8-4293-b896-179ddcf8c1d261;1042;İptal;İptal - Sanal Market Harcaması;10;10;0;21.12.2021
2eedf6f1-b0b8-4293-b896-179ddcf8c1d261;Ali;Test;05433507828;10000000261;;İstanbul;Ataşehir;34758;2eedf6f1-b0b8-4293-b896-179ddcf8c1d262;1042;İptal;İptal - Sanal Market Harcaması;10;10;0;21.12.2021
2eedf6f1-b0b8-4293-b896-179ddcf8c1d262;Ali;Test;05433507828;10000000262;;İstanbul;Ataşehir;34758;2eedf6f1-b0b8-4293-b896-179ddcf8c1d263;1042;İptal;İptal - Sanal Market Harcaması;10;10;0;21.12.2021
2eedf6f1-b0b8-4293-b896-179ddcf8c1d263;Ali;Test;05433507828;10000000263;;İstanbul;Ataşehir;34758;2eedf6f1-b0b8-4293-b896-179ddcf8c1d264;1042;İptal;İptal - Sanal Market Harcaması;10;10;0;21.12.2021
2eedf6f1-b0b8-4293-b896-179ddcf8c1d264;Ali;Test;05433507828;10000000264;;İstanbul;Ataşehir;34758;2eedf6f1-b0b8-4293-b896-179ddcf8c1d265;1042;İptal;İptal - Sanal Market Harcaması;10;10;0;21.12.2021
2eedf6f1-b0b8-4293-b896-179ddcf8c1d265;Ali;Test;05433507828;10000000265;;İstanbul;Ataşehir;34758;2eedf6f1-b0b8-4293-b896-179ddcf8c1d266;1042;İptal;İptal - Sanal Market Harcaması;10;10;0;21.12.2021
2eedf6f1-b0b8-4293-b896-179ddcf8c1d266;Ali;Test;05433507828;10000000266;;İstanbul;Ataşehir;34758;2eedf6f1-b0b8-4293-b896-179ddcf8c1d267;1042;İptal;İptal - Sanal Market Harcaması;10;10;0;21.12.2021
2eedf6f1-b0b8-4293-b896-179ddcf8c1d267;Ali;Test;05433507828;10000000267;;İstanbul;Ataşehir;34758;2eedf6f1-b0b8-4293-b896-179ddcf8c1d268;1042;İptal;İptal - Sanal Market Harcaması;10;10;0;21.12.2021
2eedf6f1-b0b8-4293-b896-179ddcf8c1d268;Ali;Test;05433507828;10000000268;;İstanbul;Ataşehir;34758;2eedf6f1-b0b8-4293-b896-179ddcf8c1d269;1042;İptal;İptal - Sanal Market Harcaması;10;10;0;21.12.2021
2eedf6f1-b0b8-4293-b896-179ddcf8c1d269;Ali;Test;05433507828;10000000269;;İstanbul;Ataşehir;34758;2eedf6f1-b0b8-4293-b896-179ddcf8c1d270;1042;İptal;İptal - Sanal Market Harcaması;10;10;0;21.12.2021
2eedf6f1-b0b8-4293-b896-179ddcf8c1d270;Ali;Test;05433507828;10000000270;;İstanbul;Ataşehir;34758;2eedf6f1-b0b8-4293-b896-179ddcf8c1d271;1042;İptal;İptal - Sanal Market Harcaması;10;10;0;21.12.2021
2eedf6f1-b0b8-4293-b896-179ddcf8c1d271;Ali;Test;05433507828;10000000271;;İstanbul;Ataşehir;34758;2eedf6f1-b0b8-4293-b896-179ddcf8c1d272;1042;İptal;İptal - Sanal Market Harcaması;10;10;0;21.12.2021
2eedf6f1-b0b8-4293-b896-179ddcf8c1d272;Ali;Test;05433507828;10000000272;;İstanbul;Ataşehir;34758;2eedf6f1-b0b8-4293-b896-179ddcf8c1d273;1042;İptal;İptal - Sanal Market Harcaması;10;10;0;21.12.2021
2eedf6f1-b0b8-4293-b896-179ddcf8c1d273;Ali;Test;05433507828;10000000273;;İstanbul;Ataşehir;34758;2eedf6f1-b0b8-4293-b896-179ddcf8c1d274;1042;İptal;İptal - Sanal Market Harcaması;10;10;0;21.12.2021
2eedf6f1-b0b8-4293-b896-179ddcf8c1d274;Ali;Test;05433507828;10000000274;;İstanbul;Ataşehir;34758;2eedf6f1-b0b8-4293-b896-179ddcf8c1d275;1042;İptal;İptal - Sanal Market Harcaması;10;10;0;21.12.2021
2eedf6f1-b0b8-4293-b896-179ddcf8c1d275;Ali;Test;05433507828;10000000275;;İstanbul;Ataşehir;34758;2eedf6f1-b0b8-4293-b896-179ddcf8c1d276;1042;İptal;İptal - Sanal Market Harcaması;10;10;0;21.12.2021
2eedf6f1-b0b8-4293-b896-179ddcf8c1d276;Ali;Test;05433507828;10000000276;;İstanbul;Ataşehir;34758;2eedf6f1-b0b8-4293-b896-179ddcf8c1d277;1042;İptal;İptal - Sanal Market Harcaması;10;10;0;21.12.2021
2eedf6f1-b0b8-4293-b896-179ddcf8c1d277;Ali;Test;05433507828;10000000277;;İstanbul;Ataşehir;34758;2eedf6f1-b0b8-4293-b896-179ddcf8c1d278;1042;İptal;İptal - Sanal Market Harcaması;10;10;0;21.12.2021
2eedf6f1-b0b8-4293-b896-179ddcf8c1d278;Ali;Test;05433507828;10000000278;;İstanbul;Ataşehir;34758;2eedf6f1-b0b8-4293-b896-179ddcf8c1d279;1042;İptal;İptal - Sanal Market Harcaması;10;10;0;21.12.2021
2eedf6f1-b0b8-4293-b896-179ddcf8c1d279;Ali;Test;05433507828;10000000279;;İstanbul;Ataşehir;34758;2eedf6f1-b0b8-4293-b896-179ddcf8c1d280;1042;İptal;İptal - Sanal Market Harcaması;10;10;0;21.12.2021
2eedf6f1-b0b8-4293-b896-179ddcf8c1d280;Ali;Test;05433507828;10000000280;;İstanbul;Ataşehir;34758;2eedf6f1-b0b8-4293-b896-179ddcf8c1d281;1042;İptal;İptal - Sanal Market Harcaması;10;10;0;21.12.2021
2eedf6f1-b0b8-4293-b896-179ddcf8c1d281;Ali;Test;05433507828;10000000281;;İstanbul;Ataşehir;34758;2eedf6f1-b0b8-4293-b896-179ddcf8c1d282;1042;İptal;İptal - Sanal Market Harcaması;10;10;0;21.12.2021
2eedf6f1-b0b8-4293-b896-179ddcf8c1d282;Ali;Test;05433507828;10000000282;;İstanbul;Ataşehir;34758;2eedf6f1-b0b8-4293-b896-179ddcf8c1d283;1042;İptal;İptal - Sanal Market Harcaması;10;10;0;21.12.2021
2eedf6f1-b0b8-4293-b896-179ddcf8c1d283;Ali;Test;05433507828;10000000283;;İstanbul;Ataşehir;34758;2eedf6f1-b0b8-4293-b896-179ddcf8c1d284;1042;İptal;İptal - Sanal Market Harcaması;10;10;0;21.12.2021
2eedf6f1-b0b8-4293-b896-179ddcf8c1d284;Ali;Test;05433507828;10000000284;;İstanbul;Ataşehir;34758;2eedf6f1-b0b8-4293-b896-179ddcf8c1d285;1042;İptal;İptal - Sanal Market Harcaması;10;10;0;21.12.2021
2eedf6f1-b0b8-4293-b896-179ddcf8c1d285;Ali;Test;05433507828;10000000285;;İstanbul;Ataşehir;34758;2eedf6f1-b0b8-4293-b896-179ddcf8c1d286;1042;İptal;İptal - Sanal Market Harcaması;10;10;0;21.12.2021
2eedf6f1-b0b8-4293-b896-179ddcf8c1d286;Ali;Test;05433507828;10000000286;;İstanbul;Ataşehir;34758;2eedf6f1-b0b8-4293-b896-179ddcf8c1d287;1042;İptal;İptal - Sanal Market Harcaması;10;10;0;21.12.2021
2eedf6f1-b0b8-4293-b896-179ddcf8c1d287;Ali;Test;05433507828;10000000287;;İstanbul;Ataşehir;34758;2eedf6f1-b0b8-4293-b896-179ddcf8c1d288;1042;İptal;İptal - Sanal Market Harcaması;10;10;0;21.12.2021
2eedf6f1-b0b8-4293-b896-179ddcf8c1d288;Ali;Test;05433507828;10000000288;;İstanbul;Ataşehir;34758;2eedf6f1-b0b8-4293-b896-179ddcf8c1d289;1042;İptal;İptal - Sanal Market Harcaması;10;10;0;21.12.2021
2eedf6f1-b0b8-4293-b896-179ddcf8c1d289;Ali;Test;05433507828;10000000289;;İstanbul;Ataşehir;34758;2eedf6f1-b0b8-4293-b896-179ddcf8c1d290;1042;İptal;İptal - Sanal Market Harcaması;10;10;0;21.12.2021
2eedf6f1-b0b8-4293-b896-179ddcf8c1d290;Ali;Test;05433507828;10000000290;;İstanbul;Ataşehir;34758;2eedf6f1-b0b8-4293-b896-179ddcf8c1d291;1042;İptal;İptal - Sanal Market Harcaması;10;10;0;21.12.2021
2eedf6f1-b0b8-4293-b896-179ddcf8c1d291;Ali;Test;05433507828;10000000291;;İstanbul;Ataşehir;34758;2eedf6f1-b0b8-4293-b896-179ddcf8c1d292;1042;İptal;İptal - Sanal Market Harcaması;10;10;0;21.12.2021
2eedf6f1-b0b8-4293-b896-179ddcf8c1d292;Ali;Test;05433507828;10000000292;;İstanbul;Ataşehir;34758;2eedf6f1-b0b8-4293-b896-179ddcf8c1d293;1042;İptal;İptal - Sanal Market Harcaması;10;10;0;21.12.2021
2eedf6f1-b0b8-4293-b896-179ddcf8c1d293;Ali;Test;05433507828;10000000293;;İstanbul;Ataşehir;34758;2eedf6f1-b0b8-4293-b896-179ddcf8c1d294;1042;İptal;İptal - Sanal Market Harcaması;10;10;0;21.12.2021
2eedf6f1-b0b8-4293-b896-179ddcf8c1d294;Ali;Test;05433507828;10000000294;;İstanbul;Ataşehir;34758;2eedf6f1-b0b8-4293-b896-179ddcf8c1d295;1042;İptal;İptal - Sanal Market Harcaması;10;10;0;21.12.2021
2eedf6f1-b0b8-4293-b896-179ddcf8c1d295;Ali;Test;05433507828;10000000295;;İstanbul;Ataşehir;34758;2eedf6f1-b0b8-4293-b896-179ddcf8c1d296;1042;İptal;İptal - Sanal Market Harcaması;10;10;0;21.12.2021
2eedf6f1-b0b8-4293-b896-179ddcf8c1d296;Ali;Test;05433507828;10000000296;;İstanbul;Ataşehir;34758;2eedf6f1-b0b8-4293-b896-179ddcf8c1d297;1042;İptal;İptal - Sanal Market Harcaması;10;10;0;21.12.2021
2eedf6f1-b0b8-4293-b896-179ddcf8c1d297;Ali;Test;05433507828;10000000297;;İstanbul;Ataşehir;34758;2eedf6f1-b0b8-4293-b896-179ddcf8c1d298;1042;İptal;İptal - Sanal Market Harcaması;10;10;0;21.12.2021
2eedf6f1-b0b8-4293-b896-179ddcf8c1d298;Ali;Test;05433507828;10000000298;;İstanbul;Ataşehir;34758;2eedf6f1-b0b8-4293-b896-179ddcf8c1d299;1042;İptal;İptal - Sanal Market Harcaması;10;10;0;21.12.2021
2eedf6f1-b0b8-4293-b896-179ddcf8c1d299;Ali;Test;05433507828;10000000299;;İstanbul;Ataşehir;34758;2eedf6f1-b0b8-4293-b896-179ddcf8c1d300;1042;İptal;İptal - Sanal Market Harcaması;10;10;0;21.12.2021
2eedf6f1-b0b8-4293-b896-179ddcf8c1d300;Ali;Test;05433507828;10000000300;;İstanbul;Ataşehir;34758;2eedf6f1-b0b8-4293-b896-179ddcf8c1d301;1042;İptal;İptal - Sanal Market Harcaması;10;10;0;21.12.2021
2eedf6f1-b0b8-4293-b896-179ddcf8c1d301;Ali;Test;05433507828;10000000301;;İstanbul;Ataşehir;34758;2eedf6f1-b0b8-4293-b896-179ddcf8c1d302;1042;İptal;İptal - Sanal Market Harcaması;10;10;0;21.12.2021
2eedf6f1-b0b8-4293-b896-179ddcf8c1d302;Ali;Test;05433507828;10000000302;;İstanbul;Ataşehir;34758;2eedf6f1-b0b8-4293-b896-179ddcf8c1d303;1042;İptal;İptal - Sanal Market Harcaması;10;10;0;21.12.2021
2eedf6f1-b0b8-4293-b896-179ddcf8c1d303;Ali;Test;05433507828;10000000303;;İstanbul;Ataşehir;34758;2eedf6f1-b0b8-4293-b896-179ddcf8c1d304;1042;İptal;İptal - Sanal Market Harcaması;10;10;0;21.12.2021
2eedf6f1-b0b8-4293-b896-179ddcf8c1d304;Ali;Test;05433507828;10000000304;;İstanbul;Ataşehir;34758;2eedf6f1-b0b8-4293-b896-179ddcf8c1d305;1042;İptal;İptal - Sanal Market Harcaması;10;10;0;21.12.2021
2eedf6f1-b0b8-4293-b896-179ddcf8c1d305;Ali;Test;05433507828;10000000305;;İstanbul;Ataşehir;34758;2eedf6f1-b0b8-4293-b896-179ddcf8c1d306;1042;İptal;İptal - Sanal Market Harcaması;10;10;0;21.12.2021
2eedf6f1-b0b8-4293-b896-179ddcf8c1d306;Ali;Test;05433507828;10000000306;;İstanbul;Ataşehir;34758;2eedf6f1-b0b8-4293-b896-179ddcf8c1d307;1042;İptal;İptal - Sanal Market Harcaması;10;10;0;21.12.2021
